Country,Count_Atheletes
United States of America,615
Japan,586
Australia,470
People's Republic of China,401
Germany,400
France,377
Canada,368
Great Britain,366
Italy,356
Spain,324
ROC,318
Brazil,291
Netherlands,274
Republic of Korea,223
New Zealand,202
Poland,195
Argentina,180
South Africa,171
Mexico,155
Hungary,155
Ukraine,152
Egypt,133
Sweden,129
Belgium,125
Czech Republic,117
India,117
Ireland,116
Switzerland,115
Belarus,104
Denmark,103
Turkey,102
Romania,99
Norway,92
Kazakhstan,92
Israel,85
Portugal,85
Serbia,83
Kenya,78
Greece,75
Austria,72
Cuba,69
Chinese Taipei,67
Islamic Republic of Iran,66
Colombia,64
Uzbekistan,63
Dominican Republic,61
Jamaica,60
Nigeria,59
Tunisia,57
Croatia,57
Chile,56
Slovenia,51
Morocco,48
Ecuador,46
Finland,45
Mongolia,43
Venezuela,43
Ethiopia,42
Bulgaria,41
Azerbaijan,41
Algeria,41
"Hong Kong, China",40
Thailand,39
Slovakia,38
Lithuania,37
Georgia,35
Montenegro,35
Puerto Rico,35
Estonia,33
Peru,33
Saudi Arabia,32
Trinidad and Tobago,31
Bahrain,30
Malaysia,29
C�te d'Ivoire,29
Zambia,29
Latvia,29
Fiji,28
Refugee Olympic Team,26
Indonesia,26
Honduras,25
Uganda,24
Singapore,23
Guatemala,22
Angola,20
Republic of Moldova,19
Philippines,18
Vietnam,17
Bahamas,16
Armenia,16
Kyrgyzstan,16
Ghana,14
Qatar,14
Cyprus,14
Botswana,13
Costa Rica,13
Eritrea,13
Uruguay,11
Cameroon,11
Jordan,11
Namibia,11
Luxembourg,11
Pakistan,10
Kosovo,10
Kuwait,10
Senegal,9
Sri Lanka,9
Panama,9
North Macedonia,8
Nicaragua,8
Mozambique,8
Paraguay,8
Samoa,8
Tajikistan,8
Turkmenistan,8
Albania,8
Mauritius,7
Guyana,7
Democratic Republic of the Congo,7
Niger,7
Burkina Faso,7
Bosnia and Herzegovina,7
Benin,7
Barbados,7
Papua New Guinea,7
Madagascar,6
Lebanon,6
Malta,6
Haiti,6
Monaco,6
Grenada,6
Syrian Arab Republic,6
Cook Islands,6
Cape Verde,6
Burundi,6
Bangladesh,6
Antigua and Barbuda,6
Rwanda,5
Saint Lucia,5
Seychelles,5
Sudan,5
Tonga,5
Zimbabwe,5
Bolivia,5
Oman,5
Nepal,5
Afghanistan,5
American Samoa,5
Malawi,5
Liechtenstein,5
Cayman Islands,5
Guinea,5
Guam,5
Gabon,5
El Salvador,5
Palestine,4
United Arab Emirates,4
"Virgin Islands, US",4
Mali,4
Maldives,4
Libya,4
Lao People's Democratic Republic,4
San Marino,4
Iraq,4
Iceland,4
Guinea-Bissau,4
Sierra Leone,4
Togo,4
Djibouti,4
Eswatini,4
Cambodia,3
Bhutan,3
Chad,3
Comoros,3
Congo,3
Democratic Republic of Timor-Leste,3
Suriname,3
Equatorial Guinea,3
Belize,3
Federated States of Micronesia,3
Aruba,3
Solomon Islands,3
Gambia,3
Kiribati,3
Sao Tome and Principe,3
"Virgin Islands, British",3
Liberia,3
Yemen,3
Palau,3
Bermuda,2
Vanuatu,2
Andorra,2
United Republic of Tanzania,2
Brunei Darussalam,2
Tuvalu,2
Central African Republic,2
Dominica,2
St Vincent and the Grenadines,2
South Sudan,2
Somalia,2
Lesotho,2
Saint Kitts and Nevis,2
Marshall Islands,2
Mauritania,2
Myanmar,2
Nauru,2
